<?xml version="1.0" encoding="UTF-8"?>
<project-private xmlns="http://www.netbeans.org/ns/project-private/1">
    <editor-bookmarks xmlns="http://www.netbeans.org/ns/editor-bookmarks/2" lastBookmarkId="0"/>
    <open-files xmlns="http://www.netbeans.org/ns/projectui-open-files/2">
        <group>
            <file>file:/E:/HTML/HTML5Application/public_html/About.html</file>
            <file>file:/E:/HTML/HTML5Application/public_html/Portfolio.html</file>
            <file>file:/E:/HTML/HTML5Application/public_html/Contact.html</file>
            <file>file:/E:/HTML/HTML5Application/public_html/CSS/gallery.css</file>
            <file>file:/E:/HTML/HTML5Application/public_html/gallery.html</file>
            <file>file:/E:/HTML/HTML5Application/public_html/CSS/about.css</file>
            <file>file:/E:/HTML/HTML5Application/public_html/CSS/contact.css</file>
        </group>
    </open-files>
</project-private>
